Category,Vendor Name,City / Area,Tamil / South Asian Fit,Website / Source URL,Contact Info Found,Instagram / Social,Priority,Status,Outreach Notes
Venues,Chateau Le Jardin Event Venue,Woodbridge/Vaughan,Large South Asian weddings; high-capacity banquet venue,https://www.eventsource.ca/blog/25-beautiful-banquet-halls-that-specialize-in-south-asian-weddings,,,High,Not contacted,
Venues,Embassy Grand Convention Centre,Brampton,Large South Asian weddings; 10 rooms and high capacity,https://www.eventsource.ca/blog/25-beautiful-banquet-halls-that-specialize-in-south-asian-weddings,,,High,Not contacted,
Venues,The Arlington Estate,Kleinburg/Vaughan,Luxury South Asian/Hindu weddings; outdoor/large estate style,https://www.eventsource.ca/blog/25-beautiful-banquet-halls-that-specialize-in-south-asian-weddings,,,High,Not contacted,
Venues,The Royalton,Vaughan,Large receptions; South Asian-friendly banquet hall,https://www.eventsource.ca/blog/25-beautiful-banquet-halls-that-specialize-in-south-asian-weddings,,,High,Not contacted,
Venues,Royal Ambassador Event Centre,Caledon,Outdoor Hindu/South Asian ceremony potential; gardens/gazebos,https://www.eventsource.ca/blog/25-beautiful-banquet-halls-that-specialize-in-south-asian-weddings,,,High,Not contacted,
Venues,Ascott Parc Event Centre,Concord/Vaughan,"South Asian ceremony/reception, garden mandap potential",https://www.eventsource.ca/blog/25-beautiful-banquet-halls-that-specialize-in-south-asian-weddings,,,High,Not contacted,
Venues,Pearson Convention Centre,Brampton,Large South Asian wedding capacity,https://www.eventsource.ca/blog/25-beautiful-banquet-halls-that-specialize-in-south-asian-weddings,,,High,Not contacted,
Venues,Mississauga Convention Centre,Mississauga,Large South Asian wedding convention venue,https://www.eventsource.ca/blog/25-beautiful-banquet-halls-that-specialize-in-south-asian-weddings,,,High,Not contacted,
Venues,Scarborough Convention Centre,Scarborough,Scarborough/South Asian market fit,https://www.eventsource.ca/blog/25-beautiful-banquet-halls-that-specialize-in-south-asian-weddings,,,High,Not contacted,
Venues,Markham Convention Centre,Markham,Markham Tamil/South Asian reception fit,https://www.eventsource.ca/blog/25-beautiful-banquet-halls-that-specialize-in-south-asian-weddings,,,High,Not contacted,
Venues,Canadian Convention Centre,Mississauga,Large multi-cultural/South Asian events,https://www.eventsource.ca/blog/25-beautiful-banquet-halls-that-specialize-in-south-asian-weddings,,,High,Not contacted,
Venues,Versailles Convention Centre,Mississauga,South Asian banquet hall option,https://www.eventsource.ca/blog/25-beautiful-banquet-halls-that-specialize-in-south-asian-weddings,,,High,Not contacted,
Venues,Apollo Convention Centre,Mississauga,Large wedding/convention reception option,https://www.eventsource.ca/blog/25-beautiful-banquet-halls-that-specialize-in-south-asian-weddings,,,High,Not contacted,
Venues,Dreams Convention Centre,Brampton,Brampton South Asian wedding market,https://www.eventsource.ca/blog/25-beautiful-banquet-halls-that-specialize-in-south-asian-weddings,,,High,Not contacted,
Venues,Red Rose Convention Centre,Mississauga,South Asian wedding banquet hall,https://www.eventsource.ca/blog/25-beautiful-banquet-halls-that-specialize-in-south-asian-weddings,,,High,Not contacted,
Venues,Queen's Manor Event Centre,Brampton,South Asian wedding banquet hall,https://www.eventsource.ca/blog/25-beautiful-banquet-halls-that-specialize-in-south-asian-weddings,,,High,Not contacted,
Venues,Woodbine Banquet and Hotel,Etobicoke,Large event/banquet venue,https://www.eventsource.ca/blog/25-beautiful-banquet-halls-that-specialize-in-south-asian-weddings,,,High,Not contacted,
Venues,Claireport Place,Etobicoke,South Asian wedding banquet hall,https://www.eventsource.ca/blog/25-beautiful-banquet-halls-that-specialize-in-south-asian-weddings,,,High,Not contacted,
Venues,Borgata Event Centre by Avani,Vaughan,South Asian wedding/event centre,https://www.eventsource.ca/blog/25-beautiful-banquet-halls-that-specialize-in-south-asian-weddings,,,High,Not contacted,
Venues,Chandni Banquet Hall,Brampton,South Asian wedding banquet option,https://www.eventsource.ca/blog/25-beautiful-banquet-halls-that-specialize-in-south-asian-weddings,,,High,Not contacted,
Photographers,Focus Photography,Toronto/GTA,Indian/South Asian wedding photography and videography,https://www.focusphotography.ca/cultures/indian-weddings,,,High,Not contacted,
Photographers,Ondi Studio,Toronto/GTA,Wedding photography and videography studio,https://ondistudio.com/,,,High,Not contacted,
Photographers,KS Studios,York Region/Toronto,Wedding photography and videography; GTA/York Region,https://ksstudios.ca/,,,High,Not contacted,
Photographers,Alfaaz Photography,Toronto/GTA,Indian/South Asian wedding photographer; strong vendor education content,https://www.alfaazphotography.com/,,,High,Not contacted,
Photographers,Siahi Studio,Markham/GTA,South Asian/multicultural wedding photography and videography,https://melaa.ca/category/videographers,,,High,Not contacted,
Photographers,Antevasi Studios,Toronto/Brampton/Mississauga,Indian/Sikh/Hindu/multicultural wedding photo/video,https://melaa.ca/category/videographers,,,High,Not contacted,
Photographers,Babylon Wedding Photography Video,Toronto/Vaughan/Mississauga/Markham,GTA wedding photography/video,https://melaa.ca/category/videographers,,,High,Not contacted,
Photographers,SDE Weddings,Toronto/GTA,Covered Toronto Tamil/Christian wedding content,https://sdeweddings.com/toronto-tamil-christian-wedding-2-day-wedding-celebration/,,,High,Not contacted,
Photographers,Impressions by Anuj,Toronto/GTA,Covered Tamil Hindu wedding in Toronto,https://www.impressionsbyannuj.com/blog/2018/3/21/shironisha-mithun-tamil-hindu-wedding-toronto-canada,,,High,Not contacted,
Photographers,Avida Studios,GTA,Seen in South Asian wedding vendor credit/source,https://www.instagram.com/p/DH8eD3-xKl2/,,,High,Not contacted,
Videographers,Armada Creatives,Ontario/GTA,South Asian and multicultural wedding films,https://melaa.ca/category/videographers,,,High,Not contacted,
Videographers,JF Squared Films,Port Credit/Mississauga,Multi-day South Asian wedding videography,https://melaa.ca/category/videographers,,,High,Not contacted,
Videographers,Elévate Films,Brampton/GTA,Indian/South Asian wedding photography and cinematography,https://melaa.ca/category/videographers,,,High,Not contacted,
Videographers,Joshi Creations,GTA,Hindu/Sikh/Muslim/Christian Indian wedding video/photo,https://melaa.ca/category/videographers,,,High,Not contacted,
Videographers,Babylon Wedding Photography Video,Toronto/Vaughan/Mississauga/Markham,GTA wedding video/photo,https://melaa.ca/category/videographers,,,High,Not contacted,
Videographers,Antevasi Studios,Toronto/Brampton/Mississauga,Cinematic Indian/Sikh/Hindu/multicultural wedding films,https://melaa.ca/category/videographers,,,High,Not contacted,
Videographers,Siahi Studio,Markham/GTA,South Asian/multicultural wedding films,https://melaa.ca/category/videographers,,,High,Not contacted,
Videographers,Yunco Weddings,Toronto/KW/Canada,"South Asian/multicultural ceremony, baraat, sangeet, reception films",https://melaa.ca/category/videographers,,,High,Not contacted,
Videographers,Focus Photography,Toronto/GTA,Indian wedding videography + photography,https://melaa.ca/category/videographers,,,High,Not contacted,
Videographers,Ondi Studio,Toronto/GTA,Wedding photographers and videographers,https://melaa.ca/category/videographers,,,High,Not contacted,
Decorators,Bright Lights Event Decor,Toronto/GTA,Explicit Tamil wedding & event planner/decor,https://brightlightseventdecor.com/,,,High,Not contacted,
Decorators,Mandap.ca,GTA/Brampton/Mississauga/Burlington,"Mandap rentals, drapes, florals, garlands",https://mandap.ca/,,,High,Not contacted,
Decorators,Blooming Wedding Decor,Brampton/GTA,Indian wedding decorators; mandap/stage/floral decor,https://bloomingweddingdecor.ca/best-indian-wedding-decorators-in-toronto-for-2026-weddings/,,,High,Not contacted,
Decorators,UniqueDecorGTA,Ajax/GTA,Pakistani/Indian wedding decor; GTA/Ajax,https://uniquedecorgta.com/,,,High,Not contacted,
Decorators,Trade Sensation Events,Toronto/GTA,"South Asian wedding planning, decor/design packages",https://tradesensation.com/south-asian-all-in-one-wedding-planning-packages/,,,High,Not contacted,
Decorators,Princess Decor,GTA,Mandap packages including ornate structured mandap,https://www.princessdecor.ca/imperial-mandap,,,High,Not contacted,
Decorators,WeddingDecor.ca,Toronto/GTA,Mandap rentals and Indian wedding decor rentals,https://weddingdecor.ca/mandap-rentals-indian-wedding-decor-rentals-toronto/,,,High,Not contacted,
Decorators,Karma Design Studio,Toronto/GTA,"Custom designed wedding/event decor, mandap",https://www.instagram.com/karmadesignstudio/?hl=en,,,High,Not contacted,
Decorators,Lavish Event Decor,GTA,Recommended for Tamil/South Indian wedding decor in GTA group source,https://www.facebook.com/groups/torontogtawedding/posts/4034549553450258/,,,High,Not contacted,
Decorators,Noble Creations,GTA,Recommended for traditional Tamil/South Indian wedding decor in GTA group source,https://www.facebook.com/groups/torontogtawedding/posts/4034549553450258/,,,High,Not contacted,
DJs,Indian Wedding DJ Canada,Toronto/Canada,"Indian wedding DJ/MC for sangeet, baraat, ceremony, reception",https://melaa.ca/category/djs-entertainment/toronto,,,Medium,Not contacted,
DJs,DJU Disc Jockeys Unlimited,Toronto/GTA,"Wedding DJ, MC, corporate/event DJ",https://melaa.ca/category/djs-entertainment/toronto,,,Medium,Not contacted,
DJs,Fuzion Sounds / DJ Arif,Scarborough/GTA,South Asian/Punjabi/multicultural wedding DJ,https://melaa.ca/category/djs-entertainment,,,Medium,Not contacted,
DJs,Dj Riyad,Toronto/GTA,West Indian wedding/special events DJ; multicultural fit,https://melaa.ca/category/djs-entertainment/toronto,,,Medium,Not contacted,
DJs,Dhol Division,Markham/GTA,Dhol + DJ team for South Asian weddings,https://melaa.ca/category/baraat-entertainment,,,Medium,Not contacted,
DJs,Tej Hunjan,Toronto/GTA,"DJ, tabla, dhol, percussionist for weddings/events",https://melaa.ca/category/baraat-entertainment,,,Medium,Not contacted,
DJs,Sound Art DJ,Toronto/GTA/KW,"Professional DJ service; GTA, Mississauga, Brampton, Markham, Vaughan",https://melaa.ca/category/baraat-entertainment,,,Medium,Not contacted,
DJs,@dholtoronto,Toronto/GTA,Indian/Pakistani DJ and live dhol player,https://melaa.ca/category/baraat-entertainment,,,Medium,Not contacted,
DJs,DJ Preet Hundal,Vaughan/GTA,South Asian sangeet/reception DJ; dhol add-ons,https://melaa.ca/category/baraat-entertainment,,,Medium,Not contacted,
DJs,Dhol Specialists / The Dhol Company,Vaughan/GTA,Dhol specialist for Punjabi/South Asian weddings and baraats,https://melaa.ca/category/baraat-entertainment,,,Medium,Not contacted,
Priests,Maheswara Kurukkal,Toronto/Scarborough,Tamil priest; wedding/blessing/ceremony source listing,https://vanakkamcanada.ca/tamil-business-listings/priests,,,High,Not contacted,
Priests,Muthusamy - Thirugnana Sampantha Kurukkal,Scarborough,Tamil priest; Echo Point Scarborough listing,https://vanakkamcanada.ca/tamil-business-listings/priests,,,High,Not contacted,
Priests,Jana Kurukkal,Ontario/GTA,Tamil priest source listing,https://vanakkamcanada.ca/tamil-business-listings/priests,,,High,Not contacted,
Priests,Jehan Kurukkal,Toronto,Tamil priest source listing,https://vanakkamcanada.ca/tamil-business-listings/priests,,,High,Not contacted,
Priests,Jeya Kantha Kurukkal,Ontario/GTA,Tamil priest source listing,https://vanakkamcanada.ca/tamil-business-listings/priests,,,High,Not contacted,
Priests,Kugan Kurukkal,Ontario/GTA,Tamil priest source listing,https://vanakkamcanada.ca/tamil-business-listings/priests,,,High,Not contacted,
Priests,Saratha Peedam - Srinivasakuganeswara Sarma,Scarborough,Tamil priest/source listing,https://vanakkamcanada.ca/tamil-business-listings/priests,,,High,Not contacted,
Priests,Sarva Mangala Mangala Servai,Scarborough,Tamil religious/wedding services source listing,https://vanakkamcanada.ca/tamil-business-listings/priests,,,High,Not contacted,
Priests,Shiva Sri Ram Sarvalogeswara Kurukkal,Scarborough,Tamil priest/source listing,https://vanakkamcanada.ca/tamil-business-listings/priests,,,High,Not contacted,
Priests,Shiva Sri S. Janarthana Kurukkal (Jana Iya),Scarborough,Tamil priest/source listing,https://vanakkamcanada.ca/tamil-business-listings/priests,,,High,Not contacted,
Makeup Artists,BeautyByArch,Toronto/GTA,"Bridal makeup, hair, saree draping for South Asian brides",https://melaa.ca/category/makeup-artists,,,High,Not contacted,
Makeup Artists,Michele Rose Beauty,Vaughan/GTA,South Asian/multicultural bridal makeup and hair,https://melaa.ca/category/makeup-artists,,,High,Not contacted,
Makeup Artists,Neha Henna Blossoms,Vaughan/GTA,Henna and bridal makeup artist,https://melaa.ca/category/mehndi-artists,,,High,Not contacted,
Makeup Artists,Labelle Hair and Makeup by Fouzia Rana,Markham/GTA,"Mobile bridal HMUA, South Asian/multicultural bridal focus",https://labellebyfouzia.ca/hair-and-makeup-artist-markham/,,,High,Not contacted,
Makeup Artists,Beauteeinc Makeup,Brampton/GTA,Indian wedding makeup artist listed by Alfaaz,https://www.alfaazphotography.com/toronto-indian-wedding-makeup-artists/,,,High,Not contacted,
Makeup Artists,Lesonne Bridals,Brampton/GTA,Indian bridal hair/makeup listed by Alfaaz,https://www.alfaazphotography.com/toronto-indian-wedding-makeup-artists/,,,High,Not contacted,
Makeup Artists,The Beauty Concept by Shirley Wu,Mississauga/GTA,Indian wedding makeup artist listed by Alfaaz,https://www.alfaazphotography.com/toronto-indian-wedding-makeup-artists/,,,High,Not contacted,
Makeup Artists,Xpressions Studio,Brampton/GTA,Indian wedding makeup/hair and jewelry styling,https://www.alfaazphotography.com/toronto-indian-wedding-makeup-artists/,,,High,Not contacted,
Makeup Artists,Saharz Beauty Lounge / Sahar Talat,GTA,Desi wedding makeup recommendation source,https://www.reddit.com/r/WeddingsCanada/comments/1lmyem9/desi_wedding_makeup_artist_in_gta/,,,High,Not contacted,
Makeup Artists,Bliss Beauty MUAH / Thanuja,Toronto/GTA,Tamil/South Asian bridal hair/makeup lead,https://www.instagram.com/blissbeautymuah/?hl=en,,,High,Not contacted,
Florists,Pookadai Florist,Scarborough/Brampton/GTA,"Indian wedding garlands, pooja flowers, custom arrangements",https://pookadai.com/collections/jai-malas-wedding-garlands,416-821-9494 / online@pookadai.com,,Medium,Not contacted,
Florists,Fresh Flowers Toronto,Toronto/GTA/GTHA,"South Asian wedding garlands, gajras, floral jewellery",https://freshflowerstoronto.ca/,WhatsApp 416-945-1951,,Medium,Not contacted,
Florists,Jasmine Florist,Toronto/Canada,Wedding flower arrangements and bouquets,https://www.jasmineflorist.com/,+1 647-207-4444,,Medium,Not contacted,
Florists,Indian Flowers,Toronto/Canada,Indian marriage garlands / jasmine / pooja supplies,https://indian-flowers.com/product/marriage-garland-toronto-canada/,+1 416-832-2959,,Medium,Not contacted,
Florists,Fancy Florist,Toronto Metro,"Wedding garlands, flower strings, wedding mandaps via Sulekha listing",https://localservices.sulekha.com/florists-service-in-toronto-metro-area,,,Medium,Not contacted,
Florists,Vimeka's Florist,Toronto/GTA,"Wedding garland, hall/home decor, Tamil hashtag source",https://www.instagram.com/reel/DW__V-aOGHb/,416-939-3771,,Medium,Not contacted,
Jewelers,Latika Gold House,Toronto/Scarborough/Markham,"Tamil jewellery store; Indian gold jewellery, wedding rings",https://latikagoldhouse.ca/,,,Medium,Not contacted,
Jewelers,Thevan's Jewellery,Scarborough,"22kt Dubai gold, thaali kodi, bridal sets, Tamil designs",https://www.thevansjewellery.ca/,416-412-1818 / WhatsApp 437-255-8804,,Medium,Not contacted,
Jewelers,Vijaya Jewellery,Scarborough,Bridal jewellery; Markham Road location,https://vijayajewellery.ca/,,,Medium,Not contacted,
Jewelers,New Ranganas Jewellery,Scarborough,22K gold; Markham & Steeles Scarborough,https://www.facebook.com/NewRanganasJewellery/,647-702-2159,,Medium,Not contacted,
Jewelers,Xpressions Jewelry / Xpressions Studio,Brampton/GTA,Indian bridal jewellery styling; linked to wedding makeup ecosystem,https://www.alfaazphotography.com/toronto-indian-wedding-makeup-artists/,,,Medium,Not contacted,
Jewelers,Peoples Jewellers Markville,Markham,Mainstream rings/wedding bands; less Tamil-specific but good marketplace inventory,https://stores.peoplesjewellers.com/on/markham/5059,,,Medium,Not contacted,
Travel Agents,Bavan Travel And Tours,Toronto,Tamil directory; cheap air tickets to Colombo/Sri Lanka,https://vanakkamcanada.ca/tamil-business-listings/travel-agents,,,Medium,Not contacted,
Travel Agents,A1 Travel & Tours Inc.,Scarborough,Tamil directory travel agency,https://vanakkamcanada.ca/tamil-business-listings/travel-agents,,,Medium,Not contacted,
Travel Agents,A2Z Travel,Toronto/Brampton area,Tamil directory travel agency,https://vanakkamcanada.ca/tamil-business-listings/travel-agents,,,Medium,Not contacted,
Travel Agents,Aero Canadian Tour & Travel,Toronto,Tamil directory travel agency,https://vanakkamcanada.ca/tamil-business-listings/travel-agents,,,Medium,Not contacted,
Travel Agents,Air Link Travel Ltd.,Toronto/Scarborough,Travel agency; official site available,https://www.airlinktravel.ca/,416-292-6200,,Medium,Not contacted,
Travel Agents,Airlines Centre,Markham,Tamil directory travel agency,https://vanakkamcanada.ca/tamil-business-listings/travel-agents,,,Medium,Not contacted,
Travel Agents,AJB Travels,Scarborough,Tamil directory travel agency,https://vanakkamcanada.ca/tamil-business-listings/travel-agents,,,Medium,Not contacted,
Travel Agents,AMC Travels Service,Toronto,Tamil directory travel agency,https://vanakkamcanada.ca/tamil-business-listings/travel-agents,,,Medium,Not contacted,
